Expert Index,Expert Name,Function Description
0,Noise Resilient Text Processor,"This expert processes fragmented, technical, and web-related text, specializing in noisy or tokenized input from digital/online contexts."
1,Structural Text Token Processor,"This expert specializes in processing fragmented, non-semantic text with a focus on structural elements (punctuation, formatting) and technical/programming contexts, often handling tokenized or disjointed data."
2,Domain Term Morphology Processor,"Processes technical/scientific terms, morphological word structures, and noisy fragments, with emphasis on subword patterns and domain-specific vocabulary."
3,English Inflection Analyzer,"This expert specializes in grammatical inflection patterns (pluralization, verb conjugation) and high-frequency function words, serving as a syntactic scaffold for English text processing."
4,Noisy Text Sanitizer,"This expert specializes in processing noisy, fragmented, or unstructured text data, handling broken words, repetitions, and symbols without coherent semantic structure."
5,Fragmented Text Structurer,"This expert specializes in processing fragmented text, syntactic elements, and noisy data with mixed technical content, focusing on structural patterns rather than semantic coherence."
6,Action Intent Analyzer,"This expert specializes in action-oriented language, particularly verbs and phrases expressing desire, intention, decision-making, or interaction, often in conversational or procedural contexts."
7,Action Verb Processor,"This expert handles action-centric linguistic patterns, focusing on verbs and processes involving movement, control, or transactional operations."
8,Robust Mixed Data Processor,"This expert handles noisy, fragmented, and mixed-domain technical data, including unstructured text, code snippets, and corrupted or semi-structured inputs."
9,Fragmented Text Token Processor,"This expert specializes in processing fragmented, noisy, or unstructured text data, particularly handling subword tokens, symbols, and corrupted linguistic patterns without coherent semantics."
10,Syntactic Pattern Processor,"This expert specializes in processing high-frequency function words, grammatical constructs, and noisy/fragmented text, focusing on syntactic rather than semantic patterns."
11,Discourse Structure Analyzer,"This expert specializes in grammatical and syntactic patterns, particularly function words, punctuation, and discourse markers, for structuring sentences and clauses."
12,Hypothetical Syntax Analyzer,"This expert handles grammatical function words, especially modals/auxiliaries and pronouns, to process syntactic structure and hypothetical/conditional language."
13,Multilingual Text Fragment Processor,This expert specializes in processing high-frequency words and fragmented text in multilingual (primarily English/Spanish) and noisy conversational contexts.
14,Noisy Syntax Structure Analyzer,"This expert specializes in processing unstructured or noisy technical text, including code fragments, symbols, and poorly tokenized data, with a focus on syntactic/structural patterns rather than coherent semantic meaning."
15,Noisy Text Reasoning Processor,"This expert specializes in processing noisy, fragmented text with a secondary focus on reasoning/communication-related language, likely serving as a generalist for low-quality or structurally complex inputs."
16,Fragmented Text Processor,"This expert detects and processes fragmented or corrupted text elements, such as symbols, abbreviations, and incomplete tokens, often arising from noisy or poorly structured data sources."
17,Noisy Text Grammar Analyzer,"This expert specializes in noisy, fragmented, or syntactically focused text, particularly handling unstructured data, grammatical patterns, and mixed-domain (technical/spiritual) content."
18,Text Structure Pattern Processor,"This expert specializes in recognizing and processing textual formatting and structural patterns, particularly punctuation, whitespace, and line breaks, for tasks like segmentation or formatting."
19,Numerical Data Refiner,"This expert specializes in processing unstructured numerical data, measurements, and fragmented technical text, typically found in logs, specifications, or noisy quantitative datasets."
20,Noisy Text Refiner,"This expert specializes in processing unstructured, noisy, or fragmented text data containing mixed proper/common nouns, symbols, and incomplete tokens, often with geographic or institutional references."
21,Noise Resilient Text Processor,"This expert specializes in processing noisy, fragmented, or unstructured text inputs, handling parsing artifacts and text extraction errors."
22,Noisy Text Refiner,"This expert specializes in processing noisy, fragmented, or unstructured text, particularly technical/log-like content or linguistically incoherent inputs."
23,Subword Tokenization Processor,"This expert specializes in processing fragmented text, subword units, and tokenization artifacts, handling truncated forms, prefixes/suffixes, and irregular splits without strong semantic focus."
24,Cross Domain Text Refiner,"Processes fragmented, noisy, or unstructured text across domains without a unifying semantic theme."
25,Multidisciplinary Text Refiner,"This expert specializes in processing fragmented technical/scientific text across multiple domains, handling noisy inputs with domain-specific terminology and irregular structures."
26,Structural Text Segmenter,"This expert detects and processes syntactic separators, grammatical connectors, and punctuation in text, emphasizing structural over semantic patterns."
27,Noise Robust Text Tokenizer,"This expert specializes in processing unstructured or noisy text fragments, including function words, symbols, and mixed technical/natural language tokens, likely serving a low-level parsing or noise-handling role."
28,Noise Robust Text Preprocessor,"This expert specializes in processing unstructured, noisy, or fragmented text data, particularly dominated by punctuation, symbols, and incomplete tokens, likely serving as a low-level text or noise handler."
29,Morphological Pattern Detector,"This expert detects morphological and syntactic patterns (e.g., suffixes, word fragments, pluralization) in text without semantic coherence, suggesting a focus on low-level linguistic structure or tokenization artifacts."
30,Legal Text Fragment Analyzer,"This expert specializes in fragmented/legal text processing, with a focus on courtroom terminology, disjointed language, and formal document structures."
31,Fragmented Text Reconstructor,"This expert specializes in processing fragmented, unstructured, or corrupted text data consisting of mixed alphanumeric tokens, symbols, and disordered patterns without coherent linguistic meaning."
32,Grammatical Scaffolding Analyzer,"This expert handles grammatical scaffolding and noisy text, focusing on function words, syntactic patterns, and unstructured fragments rather than domain-specific or semantically rich content."
33,Lua Fragment Text Refiner,"This expert specializes in handling fragmented, noisy, or corrupted text data, including abbreviations, symbols, and unstructured tokens, with particular sensitivity to Lua-related fragments and text processing artifacts."
34,Structural Text Pattern Detector,"This expert detects non-lexical structural patterns in text, such as code syntax, markup delimiters, or formatting elements like line breaks and punctuation."
35,High Frequency Text Processor,"This expert specializes in detecting and processing high-frequency function words, grammatical scaffolding, and fragmented/unstructured text with minimal semantic content."
36,Noise Filtering Text Refiner,"This expert specializes in handling fragmented, noisy, or unstructured text, particularly technical/symbolic fragments (code, markup) and sports-related broken text, acting as a noise-filtering module."
37,Noisy Text Refinement Engine,"This expert specializes in fragmented, noisy, or unstructured text with parsing artifacts, markup/code remnants, and irregular tokenization."
38,Noisy Text Sanitizer,"This expert specializes in processing unstructured, noisy, or corrupted text, including fragments, symbols, and technical terms, with no coherent semantic pattern."
39,Morphological Pattern Analyzer,"This expert specializes in detecting morphological patterns, inflectional endings, and structural linguistic features (e.g., suffixes, verb tenses) without a strong semantic focus, likely serving as a grammatical or word-formation analyzer in the model."
40,Syntactic Pattern Filter,"This expert specializes in detecting and processing syntactic patterns, function words, punctuation, and unstructured text fragments, acting as a low-level textual scaffold or noise filter."
41,Syntactic Structure Analyzer,"This expert specializes in processing grammatical structure, high-frequency function words, and fragmented or noisy text, with a focus on syntactic relationships over semantic meaning."
42,Action Verb Processor,"This expert specializes in processing verb forms, particularly action-oriented participles and past tense verbs describing processes, state changes, and relational/directional contexts."
43,Fragmented Code Pattern Parser,"This expert specializes in parsing and processing fragmented technical text, code snippets, and syntactically irregular input with a focus on structural patterns over semantic coherence."
44,Syntactic Fragment Processor,"This expert specializes in processing low-level syntactic structures, fragmented text, and function words, acting as a preprocessing or tokenization support module in the model."
45,Fragmented Technical Text Processor,"This expert specializes in processing fragmented technical text across engineering, programming, and mechanical domains, particularly handling mixed grammatical and domain-specific content in poorly structured formats."
46,Noise Robust Text Preprocessor,"This expert likely functions as a noise-handling or preprocessing component, specializing in fragmented, technical, or unstructured text without a unifying semantic pattern."
47,Noisy Text Fragment Processor,"This expert handles unstructured or noisy text fragments, including punctuation, symbols, and technical terms, with no coherent semantic pattern."
48,Noise Robust Text Parser,"This expert specializes in processing fragmented, noisy, or unstructured text data, particularly handling parsing artifacts, corrupted tokens, and linguistically incoherent input."
49,Fragmented Text Normalizer,"This expert specializes in processing fragmented, noisy, or irregular text inputs across multiple domains, functioning as a general-purpose handler for broken or mixed-quality linguistic patterns."
50,Fragmented Text Processor,"This expert detects and processes truncated words, abbreviations, and fragmented linguistic units, particularly in technical or noisy text contexts."
51,Fragmented Text Processor,"This expert specializes in processing low-level linguistic elements (function words, punctuation, and fragmented text) without coherent semantic patterns, likely serving as a generalist for grammatical or noisy input."
52,Noisy Text Normalizer,"This expert specializes in handling unstructured, noisy, or corrupted text data, particularly fragmented words, symbols, and disjointed text patterns resulting from processing errors or mixed content sources."
53,Code Fragment Synthesizer,"This expert processes fragmented programming syntax, technical terms, and mixed code/natural language text commonly found in source code, documentation, logs, or parsed technical data."
54,Fragmented Text Processor,"This expert specializes in processing unstructured, fragmented, or noisy text data, primarily handling function words, punctuation, and disjointed linguistic elements without coherent semantic patterns."
55,Fragmented Code Parser,"Processes fragmented technical text, code elements, and noisy alphanumeric tokens with no semantic coherence, likely specializing in low-level parsing of unstructured programming/data outputs."
56,Structural Text Format Analyzer,"This expert detects and processes text formatting, structural separators, and punctuation-heavy sequences, specializing in non-linguistic layout elements like whitespace, line breaks, and syntactical boundaries."
57,Technical Text Interpreter And Scaffolder,"This expert specializes in parsing and interpreting technical, fragmented, or syntactically dense text across scientific and engineering domains, with a secondary focus on grammatical scaffolding."
58,Structural Grammar Analyzer,"This expert specializes in analyzing grammatical structure and function words in fragmented or unstructured text, with particular focus on verb forms, suffixes, and syntactic scaffolding rather than specific semantic content."
59,Noise Robust Text Normalizer,"This expert specializes in processing unstructured, noisy, or corrupted text data, particularly fragmented inputs with mixed symbols, code fragments, and encoding artifacts."
60,Multilingual Syntax Scaffolder,"This expert specializes in grammatical structure, function words, and multilingual syntactic patterns, with a focus on low-level linguistic scaffolding over semantic content."
61,Multilingual Text Structure Analyzer,"This expert specializes in processing fragmented, multilingual, or code-mixed text with a focus on grammatical scaffolding, noise, and structural elements."
62,Noise Resilient Text Processor,"This expert specializes in processing noisy, fragmented, and unstructured text data, particularly technical or corrupted content with mixed symbols, abbreviations, and incomplete tokens."
63,Noise Robust Text Refiner,"This expert specializes in processing noisy, unstructured, or fragmented text data, particularly handling mixed technical/non-technical content with corruption or extraction artifacts."
